Workbook

Sheet Website Research
A1: TechAbout Do-Follow Links - Website Research (Batch 1 of 4: 25 of 100 candidates)
A2: Evidence tiers: A = platform's own page retrieved on 2026-10-26 | B = reputable third-party source only | C = not verified in this session. No link is classed do-follow here: link attributes can only be confirmed by inspecting the live published page (see 'Link Verification').
A3: Weights: relevance 30%, legitimacy 25%, free availability 20%, approval likelihood 15%, link permission 10% (judgement scores 1-5 by the researcher; see Evidence note). | O3: Score weights (editable) -> | P3: 0.3 | Q3: 0.25 | R3: 0.2 | S3: 0.15 | T3: 0.1
A5: Rank | B5: ID | C5: Website | D5: Official URL | E5: Exact submission URL / route | F5: Category | G5: Relevance to TechAbout | H5: Free submission status | I5: Evidence tier | J5: Free-submission evidence URL | K5: Evidence note | L5: Submission type | M5: External company link permitted? | N5: Link attribute documented by platform? | O5: Approval / registration requirements | P5: Relevance (1-5) | Q5: Legitimacy (1-5) | R5: Free availability (1-5) | S5: Approval likelihood (1-5) | T5: Link permission (1-5) | U5: Weighted score | V5: Verification date | W5: Suitability decision | X5: Reason / risks | Y5: Content file prepared
A6: =RANK(U6,$U$6:$U$30,0) -> 1 | B6: WS-01 | C6: Clutch | D6: https://clutch.co/ | E6: https://clutch.co/get-listed | F6: B2B service-provider directory | G6: High - lists software, AI, cloud and app developers | H6: Yes - official | I6: A | J6: https://help.clutch.co/en/knowledge/free-features-clutch-offers | K6: Help Centre lists a free company profile (about 20 min) and says submitted profiles go to Clutch staff for review. Optional paid tiers exist - do NOT select them. A second help page (get-listed-on-clutch) lists 'Website URL' as a profile field. | L6: Company profile | M6: Yes - website URL is a profile field (official help page) | N6: No - rel attribute not documented; inspect after publishing | O6: Sign in with LinkedIn, Google or company email; staff review before publishing; reviews must come from real clients | P6: 5 | Q6: 5 | R6: 5 | S6: 3 | T6: 4 | U6: =ROUND(SUMPRODUCT(P6:T6,$P$3:$T$3),2) -> 4.6 | V6: 2026-10-26 | W6: Proceed - priority 1 | X6: Never submit invented client references. Selecting Basic/free offering only. Link attribute unknown. | Y6: 01_clutch_profile.md
A7: =RANK(U7,$U$6:$U$30,0) -> 2 | B7: WS-02 | C7: TechBehemoths | D7: https://techbehemoths.com/ | E7: Use the 'add/list your company' button on the homepage (exact form URL not captured - confirm on site) | F7: IT company directory | G7: High - IT services, software development, AI, cloud | H7: Yes - official | I7: A | J7: https://techbehemoths.com/ | K7: Homepage states the platform is 100% free. A TechBehemoths 2.0 press release (webdisclosure.com) says profiles are free, verification is free and one-time, and paid CORE/PRO tiers only add visibility. | L7: Company profile | M7: Expected (company profile) - confirm in form | N7: No - inspect after publishing | O7: Account + company details; free verification (blue badge) | P7: 5 | Q7: 4 | R7: 5 | S7: 4 | T7: 4 | U7: =ROUND(SUMPRODUCT(P7:T7,$P$3:$T$3),2) -> 4.5 | V7: 2026-10-26 | W7: Proceed - priority 1 | X7: Do not pick CORE/PRO. Exact submission URL still to be captured. | Y7: 03_techbehemoths_profile.md
A8: =RANK(U8,$U$6:$U$30,0) -> 2 | B8: WS-03 | C8: LinkedIn Company Page | D8: https://www.linkedin.com/company/techabout/ | E8: https://www.linkedin.com/company/techabout/ (page already linked from techabout.com; admin must edit) | F8: Professional network | G8: High - company brand and B2B discovery | H8: Yes - official (page already exists) | I8: A | J8: https://www.techabout.com/ | K8: techabout.com footer links to this page, so it exists; editing a page is free for admins. | L8: Company page update | M8: Yes - website field | N8: No - links on LinkedIn are commonly reported as qualified; inspect | O8: Admin access to the page | P8: 4 | Q8: 5 | R8: 5 | S8: 5 | T8: 3 | U8: =ROUND(SUMPRODUCT(P8:T8,$P$3:$T$3),2) -> 4.5 | V8: 2026-10-26 | W8: Proceed - update About/website fields | X8: Not a reliable do-follow source; value is brand and referral. | Y8: 10_linkedin_github_text.md
A9: =RANK(U9,$U$6:$U$30,0) -> 4 | B9: WS-04 | C9: GoodFirms | D9: https://www.goodfirms.co/ | E9: Use the 'Get Listed' button in the site header (exact form URL not captured - confirm on site) | F9: B2B IT and software directory | G9: High - software development companies and IT services | H9: Partial - official hint + third party | I9: B | J9: https://www.goodfirms.co/directory/languages/top-software-development-companies?cid=46316 | K9: Official directory page shows 'Get Listed' and states that PRO members get badges/ad placements but scores are calculated identically to free listings (implies free listings exist). Third-party gracker.ai says standard listings are free. | L9: Company profile | M9: Expected (company profile) - confirm in form | N9: No - inspect after publishing | O9: Account, company details, verification by GoodFirms research team | P9: 5 | Q9: 4 | R9: 4 | S9: 4 | T9: 4 | U9: =ROUND(SUMPRODUCT(P9:T9,$P$3:$T$3),2) -> 4.3 | V9: 2026-10-26 | W9: Proceed - priority 2 | X9: Free-tier terms must be confirmed on the actual sign-up page before entering details. Do not choose PRO. | Y9: 02_goodfirms_profile.md
A10: =RANK(U10,$U$6:$U$30,0) -> 5 | B10: WS-05 | C10: DZone | D10: https://dzone.com/ | E10: https://dzone.com/pages/contribute | F10: Developer publication | G10: High - software development, AI, cloud and DevOps readers | H10: Yes - official | I10: A | J10: https://dzone.com/pages/contribute | K10: Contribute page says contributing is easy and free; articles go through moderation and editing (submission guidelines page). Guidelines separate editorial articles from paid advertising. | L10: Original technical article | M10: Editorial - links only where they help the reader (bio/reference links) | N10: No - inspect after publishing | O10: Free DZone account; moderation; editors may edit the article; must be original | P10: 5 | Q10: 5 | R10: 5 | S10: 2 | T10: 2 | U10: =ROUND(SUMPRODUCT(P10:T10,$P$3:$T$3),2) -> 4.25 | V10: 2026-10-26 | W10: Proceed - priority 2 (article, not an ad) | X10: Promotional copy will be rejected. Company link may be limited to author bio. Author must be a real person. | Y10: 06_dzone_article.md
A11: =RANK(U11,$U$6:$U$30,0) -> 6 | B11: WS-06 | C11: GitHub (TechAbout organisation) | D11: https://github.com/techabout/ | E11: https://github.com/techabout/ (page already linked from techabout.com; org owner edits profile) | F11: Developer platform | G11: Medium - engineering credibility | H11: Yes - official (profile already exists) | I11: A | J11: https://www.techabout.com/ | K11: techabout.com footer links to this profile. | L11: Organisation profile / README | M11: Yes - website field | N11: No - inspect after publishing | O11: Org owner access | P11: 3 | Q11: 5 | R11: 5 | S11: 5 | T11: 3 | U11: =ROUND(SUMPRODUCT(P11:T11,$P$3:$T$3),2) -> 4.2 | V11: 2026-10-26 | W11: Proceed - complete website field and profile README | X11: Likely qualified link; value is credibility. | Y11: 10_linkedin_github_text.md
A12: =RANK(U12,$U$6:$U$30,0) -> 7 | B12: WS-07 | C12: Hashnode | D12: https://hashnode.com/ | E12: https://hashnode.com/ (sign up, then 'Create my blog') | F12: Developer blogging platform | G12: High - developer and engineering audience | H12: Yes - official (with limits) | I12: A | J12: https://hashnode.com/alternatives/medium | K12: Hashnode says it is free to start; custom domain is a Pro feature ($5/mo). Third-party poster.ly reports that since June 2026 the free plan is limited to one hashnode.dev subdomain publication. Use the free subdomain only. | L12: Self-published article | M12: Yes - self-published | N12: No - inspect after publishing | O12: Account only; no editorial approval | P12: 4 | Q12: 4 | R12: 4 | S12: 5 | T12: 4 | U12: =ROUND(SUMPRODUCT(P12:T12,$P$3:$T$3),2) -> 4.15 | V12: 2026-10-26 | W12: Proceed - easy win | X12: Subdomain authority is separate from hashnode.com; value comes from readership as much as link. | Y12: 08_hashnode_article.md
A13: =RANK(U13,$U$6:$U$30,0) -> 8 | B13: WS-08 | C13: HackerNoon | D13: https://hackernoon.com/ | E13: https://hackernoon.com/p/publish | F13: Tech publication | G13: High - technology, AI, startups, developers | H13: Partial - free for individuals; brand posts are paid | I13: A | J13: https://hackernoon.com/how-to-contribute-a-story-to-hacker-noon-1536c2587063 | K13: Official contribution page says individuals publish free and brands pay to publish (Brand-as-Author). Submission checklist requires disclosing vested interests and takes about 3 business days to review. | L13: Tech story | M13: Yes - natural hyperlinks encouraged in brand guidelines | N13: No - inspect after publishing | O13: Account; human author; disclose company interest; editorial review | P13: 5 | Q13: 5 | R13: 3 | S13: 2 | T13: 3 | U13: =ROUND(SUMPRODUCT(P13:T13,$P$3:$T$3),2) -> 3.95 | V13: 2026-10-26 | W13: Proceed only as a genuinely educational story by a named human author with disclosure | X13: If editors treat it as brand content it will require payment - STOP at any payment screen. | Y13: 07_hackernoon_story.md
A14: =RANK(U14,$U$6:$U$30,0) -> 9 | B14: WS-09 | C14: DesignRush | D14: https://www.designrush.com/ | E14: https://www.designrush.com/add-listing | F14: Agency directory and B2B media | G14: Medium-high - lists software and app development agencies | H14: Yes - official | I14: A | J14: https://www.designrush.com/contact-us | K14: Official help page refers to a 'FREE' listing plan and notes that all other plans add a dedicated relationship manager. The add-listing page says submissions are reviewed on website, portfolio and online reputation. Third party (ampifire.com) says premium plans start at $200/month - do not buy. | L14: Agency profile | M14: Yes - website URL is a standard field (third-party description) | N14: Partly - help page says links in editorial content are added at DesignRush's discretion; profile link attribute not documented | O14: Account; editorial review before publishing | P14: 4 | Q14: 4 | R14: 4 | S14: 3 | T14: 4 | U14: =ROUND(SUMPRODUCT(P14:T14,$P$3:$T$3),2) -> 3.85 | V14: 2026-10-26 | W14: Proceed - priority 2 | X14: Strong upsell pressure. Review may reject. Agency-style categories may fit imperfectly. | Y14: 04_designrush_profile.md
A15: =RANK(U15,$U$6:$U$30,0) -> 10 | B15: WS-10 | C15: The Manifest | D15: https://themanifest.com/ | E15: No separate form confirmed - profile is created through the Clutch listing (sister site) | F15: B2B directory (Clutch sister site) | G15: Medium-high - IT and software services | H15: Yes - official | I15: A | J15: https://help.clutch.co/en/knowledge/free-features-clutch-offers | K15: Clutch's free-features page lists inclusion on The Manifest as a free benefit. | L15: Company profile (via Clutch) | M15: Unconfirmed | N15: No - inspect after publishing | O15: Depends on an approved Clutch profile | P15: 4 | Q15: 4 | R15: 4 | S15: 3 | T15: 3 | U15: =ROUND(SUMPRODUCT(P15:T15,$P$3:$T$3),2) -> 3.75 | V15: 2026-10-26 | W15: Wait for Clutch approval, then check | X15: Not independent of Clutch; may not appear if Clutch profile is not approved. | Y15: (covered by 01_clutch_profile.md)
A16: =RANK(U16,$U$6:$U$30,0) -> 10 | B16: WS-11 | C16: Crunchbase | D16: https://www.crunchbase.com/ | E16: Search for TechAbout, then claim or add the organisation (exact URL to be captured) | F16: Company database | G16: Medium - company profile | H16: Reported only | I16: B | J16: https://www.w3era.com/blog/seo/it-software-business-listing-sites/ | K16: Third-party list reports a free profile contribution. Not verified on Crunchbase itself. | L16: Company profile | M16: Yes - website field | N16: No - inspect after publishing | O16: Account; edits may be reviewed | P16: 3 | Q16: 5 | R16: 3 | S16: 4 | T16: 4 | U16: =ROUND(SUMPRODUCT(P16:T16,$P$3:$T$3),2) -> 3.75 | V16: 2026-10-26 | W16: Proceed after confirming free edit rights | X16: Paid tiers push hard. Link likely qualified. | Y16: Not prepared (batch 2)
A17: =RANK(U17,$U$6:$U$30,0) -> 12 | B17: WS-12 | C17: Compare the Cloud (Directory) | D17: https://comparethecloud.net/ | E17: https://comparethecloud.net/directory/submit | F17: Cloud / IT services directory | G17: Medium-high - cloud, DevOps and IT service providers | H17: Yes - official | I17: A | J17: https://comparethecloud.net/directory/submit | K17: Submit page says basic listings are completely free; promoted listings and verification badges are paid. Review takes 2-3 business days; email verification required; B2B technology services only. | L17: Directory listing | M17: Expected - confirm in form | N17: No - inspect after publishing | O17: Email verification; B2B tech services only; review 2-3 business days | P17: 4 | Q17: 3 | R17: 4 | S17: 4 | T17: 3 | U17: =ROUND(SUMPRODUCT(P17:T17,$P$3:$T$3),2) -> 3.65 | V17: 2026-10-26 | W17: Proceed - priority 3 | X17: Smaller site; check it is indexed and not link-farm-like before investing time. | Y17: 05_comparethecloud_listing.md
... A30: =RANK(U30,$U$6:$U$30,0) -> 25 | B30: WS-25 | C30: Indie Hackers | D30: https://www.indiehackers.com/ | E30: Create a product page after sign-up (exact URL to be captured) | F30: Founder community | G30: Low-medium - aiTransform.com product page | H30: Unverified in this session | I30: C | J30: (not retrieved) | K30: Not verified in this session. | L30: Product page | M30: Yes | N30: No - inspect | O30: Account | P30: 2 | Q30: 3 | R30: 2 | S30: 4 | T30: 3 | U30: =ROUND(SUMPRODUCT(P30:T30,$P$3:$T$3),2) -> 2.65 | V30: 2026-10-26 | W30: Optional | X30: Low relevance for enterprise services. | Y30: Not prepared (batch 2)
B32: Considered and excluded in batch 1
B33: Capterra / GetApp / Software Advice | D33: A third-party report (saascity.io, Oct 2026) says a free Capterra profile has no website link, and the vendor flow now runs through G2. Not a backlink opportunity on the free tier.
B34: PublishYourSaaS | D34: Dofollow link on the free tier depends on installing the site's badge on your own website (reciprocal link scheme). Excluded to avoid link-scheme risk.

Sheet Submission Tracker
A1: Submission Tracker - statuses stay 'Not Started' until a real submission is made
A2: Fill only the yellow columns. Never enter passwords here. Published URL stays blank until the page is live and you have opened it.
A5: ID | B5: Website | C5: Content file | D5: Target URL | E5: Proposed anchor text | F5: Status | G5: Date submitted | H5: Account email used (no passwords) | I5: Confirmation / draft URL | J5: Published URL | K5: Screenshot - confirmation (filename) | L5: Screenshot - published page (filename) | M5: Notes
A6: WS-01 | B6: =INDEX('Website Research'!$C$6:$C$30,MATCH(A6,'Website Research'!$B$6:$B$30,0)) -> Clutch | C6: 01_clutch_profile.md | D6: https://www.techabout.com/ | E6: TechAbout | F6: Not Started
A7: WS-02 | B7: =INDEX('Website Research'!$C$6:$C$30,MATCH(A7,'Website Research'!$B$6:$B$30,0)) -> TechBehemoths | C7: 03_techbehemoths_profile.md | D7: https://www.techabout.com/ | E7: TechAbout | F7: Not Started
A8: WS-03 | B8: =INDEX('Website Research'!$C$6:$C$30,MATCH(A8,'Website Research'!$B$6:$B$30,0)) -> LinkedIn Company Page | C8: 10_linkedin_github_text.md | D8: https://www.techabout.com/ | E8: techabout.com | F8: Not Started
A9: WS-04 | B9: =INDEX('Website Research'!$C$6:$C$30,MATCH(A9,'Website Research'!$B$6:$B$30,0)) -> GoodFirms | C9: 02_goodfirms_profile.md | D9: https://www.techabout.com/ | E9: TechAbout | F9: Not Started
A10: WS-05 | B10: =INDEX('Website Research'!$C$6:$C$30,MATCH(A10,'Website Research'!$B$6:$B$30,0)) -> DZone | C10: 06_dzone_article.md | D10: https://www.techabout.com/services/ai-ml-solutions | E10: TechAbout | F10: Not Started
A11: WS-06 | B11: =INDEX('Website Research'!$C$6:$C$30,MATCH(A11,'Website Research'!$B$6:$B$30,0)) -> GitHub (TechAbout organisation) | C11: 10_linkedin_github_text.md | D11: https://www.techabout.com/ | E11: techabout.com | F11: Not Started
A12: WS-07 | B12: =INDEX('Website Research'!$C$6:$C$30,MATCH(A12,'Website Research'!$B$6:$B$30,0)) -> Hashnode | C12: 08_hashnode_article.md | D12: https://www.techabout.com/services/cloud-infrastructure | E12: cloud cost review checklist from TechAbout | F12: Not Started
A13: WS-08 | B13: =INDEX('Website Research'!$C$6:$C$30,MATCH(A13,'Website Research'!$B$6:$B$30,0)) -> HackerNoon | C13: 07_hackernoon_story.md | D13: https://www.techabout.com/services/express/wordpress-to-nextjs-migration | E13: TechAbout | F13: Not Started
A14: WS-09 | B14: =INDEX('Website Research'!$C$6:$C$30,MATCH(A14,'Website Research'!$B$6:$B$30,0)) -> DesignRush | C14: 04_designrush_profile.md | D14: https://www.techabout.com/ | E14: TechAbout | F14: Not Started
A15: WS-10 | B15: =INDEX('Website Research'!$C$6:$C$30,MATCH(A15,'Website Research'!$B$6:$B$30,0)) -> The Manifest | C15: (covered by 01_clutch_profile.md) | D15: https://www.techabout.com/ | E15: TechAbout | F15: Not Started
A16: WS-11 | B16: =INDEX('Website Research'!$C$6:$C$30,MATCH(A16,'Website Research'!$B$6:$B$30,0)) -> Crunchbase | C16: Not prepared (batch 2) | D16: https://www.techabout.com/ | E16: TechAbout | F16: Not Started
A17: WS-12 | B17: =INDEX('Website Research'!$C$6:$C$30,MATCH(A17,'Website Research'!$B$6:$B$30,0)) -> Compare the Cloud (Directory) | C17: 05_comparethecloud_listing.md | D17: https://www.techabout.com/services/cloud-infrastructure | E17: TechAbout | F17: Not Started
... A30: WS-25 | B30: =INDEX('Website Research'!$C$6:$C$30,MATCH(A30,'Website Research'!$B$6:$B$30,0)) -> Indie Hackers | C30: Not prepared (batch 2) | D30: https://aitransform.com | E30: aiTransform | F30: Not Started

Sheet Link Verification
A1: Link Verification - complete only after opening the live published page
A2: rel attribute: open the page, right-click the TechAbout link > Inspect, read the <a> tag. Choose 'none' ONLY if the tag has no nofollow/sponsored/ugc. Classification is automatic.
A5: ID | B5: Website | C5: Published URL (from tracker) | D5: TechAbout destination URL (as seen) | E5: Anchor text (as seen) | F5: Link clickable? | G5: HTTP / access result | H5: rel attribute observed | I5: Final classification | J5: Verification date | K5: Screenshot - link HTML (filename) | L5: Notes
A6: WS-01 | B6: =INDEX('Website Research'!$C$6:$C$30,MATCH(A6,'Website Research'!$B$6:$B$30,0)) -> Clutch | C6: =IF(INDEX('Submission Tracker'!$J$6:$J$30,MATCH(A6,'Submission Tracker'!$A$6:$A$30,0))="","",INDEX('Submission Tracker'!$J$6:$J$30,MATCH(A6,'Submission Tracker'!$A$6:$A$30,0))) | I6: =IF(C6="","Not published",IF(OR(H6="",H6="cannot inspect",F6<>"Yes"),"Unverified",IF(H6="none","Confirmed do-follow","No-follow or qualified"))) -> Not published
A7: WS-02 | B7: =INDEX('Website Research'!$C$6:$C$30,MATCH(A7,'Website Research'!$B$6:$B$30,0)) -> TechBehemoths | C7: =IF(INDEX('Submission Tracker'!$J$6:$J$30,MATCH(A7,'Submission Tracker'!$A$6:$A$30,0))="","",INDEX('Submission Tracker'!$J$6:$J$30,MATCH(A7,'Submission Tracker'!$A$6:$A$30,0))) | I7: =IF(C7="","Not published",IF(OR(H7="",H7="cannot inspect",F7<>"Yes"),"Unverified",IF(H7="none","Confirmed do-follow","No-follow or qualified"))) -> Not published
A8: WS-03 | B8: =INDEX('Website Research'!$C$6:$C$30,MATCH(A8,'Website Research'!$B$6:$B$30,0)) -> LinkedIn Company Page | C8: =IF(INDEX('Submission Tracker'!$J$6:$J$30,MATCH(A8,'Submission Tracker'!$A$6:$A$30,0))="","",INDEX('Submission Tracker'!$J$6:$J$30,MATCH(A8,'Submission Tracker'!$A$6:$A$30,0))) | I8: =IF(C8="","Not published",IF(OR(H8="",H8="cannot inspect",F8<>"Yes"),"Unverified",IF(H8="none","Confirmed do-follow","No-follow or qualified"))) -> Not published
A9: WS-04 | B9: =INDEX('Website Research'!$C$6:$C$30,MATCH(A9,'Website Research'!$B$6:$B$30,0)) -> GoodFirms | C9: =IF(INDEX('Submission Tracker'!$J$6:$J$30,MATCH(A9,'Submission Tracker'!$A$6:$A$30,0))="","",INDEX('Submission Tracker'!$J$6:$J$30,MATCH(A9,'Submission Tracker'!$A$6:$A$30,0))) | I9: =IF(C9="","Not published",IF(OR(H9="",H9="cannot inspect",F9<>"Yes"),"Unverified",IF(H9="none","Confirmed do-follow","No-follow or qualified"))) -> Not published
A10: WS-05 | B10: =INDEX('Website Research'!$C$6:$C$30,MATCH(A10,'Website Research'!$B$6:$B$30,0)) -> DZone | C10: =IF(INDEX('Submission Tracker'!$J$6:$J$30,MATCH(A10,'Submission Tracker'!$A$6:$A$30,0))="","",INDEX('Submission Tracker'!$J$6:$J$30,MATCH(A10,'Submission Tracker'!$A$6:$A$30,0))) | I10: =IF(C10="","Not published",IF(OR(H10="",H10="cannot inspect",F10<>"Yes"),"Unverified",IF(H10="none","Confirmed do-follow","No-follow or qualified"))) -> Not published
A11: WS-06 | B11: =INDEX('Website Research'!$C$6:$C$30,MATCH(A11,'Website Research'!$B$6:$B$30,0)) -> GitHub (TechAbout organisation) | C11: =IF(INDEX('Submission Tracker'!$J$6:$J$30,MATCH(A11,'Submission Tracker'!$A$6:$A$30,0))="","",INDEX('Submission Tracker'!$J$6:$J$30,MATCH(A11,'Submission Tracker'!$A$6:$A$30,0))) | I11: =IF(C11="","Not published",IF(OR(H11="",H11="cannot inspect",F11<>"Yes"),"Unverified",IF(H11="none","Confirmed do-follow","No-follow or qualified"))) -> Not published
A12: WS-07 | B12: =INDEX('Website Research'!$C$6:$C$30,MATCH(A12,'Website Research'!$B$6:$B$30,0)) -> Hashnode | C12: =IF(INDEX('Submission Tracker'!$J$6:$J$30,MATCH(A12,'Submission Tracker'!$A$6:$A$30,0))="","",INDEX('Submission Tracker'!$J$6:$J$30,MATCH(A12,'Submission Tracker'!$A$6:$A$30,0))) | I12: =IF(C12="","Not published",IF(OR(H12="",H12="cannot inspect",F12<>"Yes"),"Unverified",IF(H12="none","Confirmed do-follow","No-follow or qualified"))) -> Not published
A13: WS-08 | B13: =INDEX('Website Research'!$C$6:$C$30,MATCH(A13,'Website Research'!$B$6:$B$30,0)) -> HackerNoon | C13: =IF(INDEX('Submission Tracker'!$J$6:$J$30,MATCH(A13,'Submission Tracker'!$A$6:$A$30,0))="","",INDEX('Submission Tracker'!$J$6:$J$30,MATCH(A13,'Submission Tracker'!$A$6:$A$30,0))) | I13: =IF(C13="","Not published",IF(OR(H13="",H13="cannot inspect",F13<>"Yes"),"Unverified",IF(H13="none","Confirmed do-follow","No-follow or qualified"))) -> Not published
A14: WS-09 | B14: =INDEX('Website Research'!$C$6:$C$30,MATCH(A14,'Website Research'!$B$6:$B$30,0)) -> DesignRush | C14: =IF(INDEX('Submission Tracker'!$J$6:$J$30,MATCH(A14,'Submission Tracker'!$A$6:$A$30,0))="","",INDEX('Submission Tracker'!$J$6:$J$30,MATCH(A14,'Submission Tracker'!$A$6:$A$30,0))) | I14: =IF(C14="","Not published",IF(OR(H14="",H14="cannot inspect",F14<>"Yes"),"Unverified",IF(H14="none","Confirmed do-follow","No-follow or qualified"))) -> Not published
A15: WS-10 | B15: =INDEX('Website Research'!$C$6:$C$30,MATCH(A15,'Website Research'!$B$6:$B$30,0)) -> The Manifest | C15: =IF(INDEX('Submission Tracker'!$J$6:$J$30,MATCH(A15,'Submission Tracker'!$A$6:$A$30,0))="","",INDEX('Submission Tracker'!$J$6:$J$30,MATCH(A15,'Submission Tracker'!$A$6:$A$30,0))) | I15: =IF(C15="","Not published",IF(OR(H15="",H15="cannot inspect",F15<>"Yes"),"Unverified",IF(H15="none","Confirmed do-follow","No-follow or qualified"))) -> Not published
A16: WS-11 | B16: =INDEX('Website Research'!$C$6:$C$30,MATCH(A16,'Website Research'!$B$6:$B$30,0)) -> Crunchbase | C16: =IF(INDEX('Submission Tracker'!$J$6:$J$30,MATCH(A16,'Submission Tracker'!$A$6:$A$30,0))="","",INDEX('Submission Tracker'!$J$6:$J$30,MATCH(A16,'Submission Tracker'!$A$6:$A$30,0))) | I16: =IF(C16="","Not published",IF(OR(H16="",H16="cannot inspect",F16<>"Yes"),"Unverified",IF(H16="none","Confirmed do-follow","No-follow or qualified"))) -> Not published
A17: WS-12 | B17: =INDEX('Website Research'!$C$6:$C$30,MATCH(A17,'Website Research'!$B$6:$B$30,0)) -> Compare the Cloud (Directory) | C17: =IF(INDEX('Submission Tracker'!$J$6:$J$30,MATCH(A17,'Submission Tracker'!$A$6:$A$30,0))="","",INDEX('Submission Tracker'!$J$6:$J$30,MATCH(A17,'Submission Tracker'!$A$6:$A$30,0))) | I17: =IF(C17="","Not published",IF(OR(H17="",H17="cannot inspect",F17<>"Yes"),"Unverified",IF(H17="none","Confirmed do-follow","No-follow or qualified"))) -> Not published
... A30: WS-25 | B30: =INDEX('Website Research'!$C$6:$C$30,MATCH(A30,'Website Research'!$B$6:$B$30,0)) -> Indie Hackers | C30: =IF(INDEX('Submission Tracker'!$J$6:$J$30,MATCH(A30,'Submission Tracker'!$A$6:$A$30,0))="","",INDEX('Submission Tracker'!$J$6:$J$30,MATCH(A30,'Submission Tracker'!$A$6:$A$30,0))) | I30: =IF(C30="","Not published",IF(OR(H30="",H30="cannot inspect",F30<>"Yes"),"Unverified",IF(H30="none","Confirmed do-follow","No-follow or qualified"))) -> Not published

Sheet Summary
A1: Summary - all counts are formulas over the other sheets
A3: Metric | B3: Count | C3: How it is counted
A4: Candidate websites researched (this batch) | B4: =COUNTA('Website Research'!$B$6:$B$30) -> 25 | C4: Rows in Website Research
A5: Target for full task | B5: 100 | C5: Task requirement (hard-coded input from the brief)
A6: Candidates still to research | B6: =B5-B4 -> 75 | C6: Target minus researched
A7: Free opportunities verified on the platform's own page (tier A, free = Yes) | B7: =COUNTIF('Website Research'!$H$6:$H$30,"Yes*") -> 11 | C7: Free submission status starts with 'Yes'
A8: Free opportunities partly verified | B8: =COUNTIF('Website Research'!$H$6:$H$30,"Partial*") -> 2 | C8: Status starts with 'Partial'
A9: Free status reported by third parties only | B9: =COUNTIF('Website Research'!$H$6:$H$30,"Reported*") -> 7 | C9: Status starts with 'Reported'
A10: Free status not verified yet | B10: =COUNTIF('Website Research'!$H$6:$H$30,"Unverified*") -> 5 | C10: Status starts with 'Unverified'
A11: Content drafts prepared (files in /content) | B11: =COUNTIF('Website Research'!$Y$6:$Y$30,"*.md") -> 11 | C11: Rows whose content file is a .md draft (shared drafts counted per site)
A12: Submissions Not Started | B12: =COUNTIF('Submission Tracker'!$F$6:$F$30,"Not Started") -> 25 | C12: Tracker status
A13: Submissions In Progress | B13: =COUNTIF('Submission Tracker'!$F$6:$F$30,"In Progress") -> 0 | C13: Tracker status
A14: Submissions attempted (submitted or beyond) | B14: =COUNTIF('Submission Tracker'!$F$6:$F$30,"Submitted")+COUNTIF('Submission Tracker'!$F$6:$F$30,"Pending Review")+COUNTIF('Submission Tracker'!$F$6:$F$30,"Approved/Live")+COUNTIF('Submission Tracker'!$F$6:$F$30,"Rejected") -> 0 | C14: Submitted + Pending Review + Approved/Live + Rejected
A15: Submissions pending review | B15: =COUNTIF('Submission Tracker'!$F$6:$F$30,"Pending Review") -> 0 | C15: Tracker status
A16: Submissions approved | B16: =COUNTIF('Submission Tracker'!$F$6:$F$30,"Approved/Live") -> 0 | C16: Tracker status
A17: Live published placements (URL recorded) | B17: =COUNTIF('Submission Tracker'!$J$6:$J$30,"?*") -> 0 | C17: Non-empty Published URL cells
A18: Confirmed do-follow links | B18: =COUNTIF('Link Verification'!$I$6:$I$30,"Confirmed do-follow") -> 0 | C18: Link Verification classification
A19: No-follow or qualified links | B19: =COUNTIF('Link Verification'!$I$6:$I$30,"No-follow or qualified") -> 0 | C19: Link Verification classification
A20: Unverified links (published but not conclusively inspected) | B20: =COUNTIF('Link Verification'!$I$6:$I$30,"Unverified") -> 0 | C20: Link Verification classification
A21: Not published | B21: =COUNTIF('Link Verification'!$I$6:$I$30,"Not published") -> 25 | C21: Link Verification classification
A22: Rejected or unavailable | B22: =COUNTIF('Submission Tracker'!$F$6:$F$30,"Rejected")+COUNTIF('Submission Tracker'!$F$6:$F$30,"Unavailable") -> 0 | C22: Tracker status Rejected + Unavailable
A23: Check: tracker rows equal research rows | B23: =IF(COUNTA('Submission Tracker'!$A$6:$A$30)=B4,"OK","MISMATCH") -> OK | C23: Integrity check
A25: Legend
A26: Yellow cells = you fill them in. Blue text = typed inputs. Black = formulas. Green = formulas that pull from another sheet.
A27: Status values (Submission Tracker): Not Started, In Progress, Submitted, Pending Review, Approved/Live, Rejected, Unavailable.
A28: rel values (Link Verification): none, nofollow, sponsored, ugc, nofollow ugc, nofollow sponsored, cannot inspect.
A29: Example of a correctly completed row (illustration only - not real data): Status = Approved/Live; Published URL = the exact address of the live page you opened; Link clickable = Yes; rel = nofollow; Classification then shows 'No-follow or qualified'.
A30: Batch 1 contains 25 of the 100 target websites. Nothing has been submitted: every status is Not Started.
